{"theme_mods":{"zelle_frontpage_was_imported":"not-zerif","custom_css_post_id":34,"neve_top_bar_enable":false,"neve_last_menu_item":"none","neve_button_color":"#bc002f","neve_link_color":"#bc002f","neve_link_hover_color":"#bc002f","ti_prev_theme":"belise-lite","neve_menu_item_color":"#404248","neve_menu_item_hover_color":"#bc002f","neve_body_font_family":"","neve_headings_font_family":"Playfair Display SC","neve_body_font_size":"{\"suffix\":{\"mobile\":\"px\",\"tablet\":\"px\",\"desktop\":\"px\"},\"mobile\":17,\"tablet\":17,\"desktop\":15}","neve_footer_content_type":"footer_menu","neve_grid_layout":3,"neve_post_meta_ordering":"[\"date\",\"comments\"]","neve_blog_archive_sidebar_layout":"full-width","neve_h2_font_size":"{\"suffix\":{\"mobile\":\"em\",\"tablet\":\"em\",\"desktop\":\"em\"},\"mobile\":1.3,\"tablet\":1.3,\"desktop\":1.75}","neve_generated_style_version":1544002767,"__ti_import_menus_location":{"primary":"main","footer":"main"}},"widgets":{"blog-sidebar":{"search-2":{"title":""},"recent-posts-2":{"title":"","number":5},"recent-comments-2":{"title":"","number":5},"archives-2":{"title":"","count":0,"dropdown":0},"categories-2":{"title":"","count":0,"hierarchical":0,"dropdown":0},"meta-2":{"title":""}}},"recommended_plugins":{"elementor":"Elementor Page Builder","themeisle-companion":"Orbit Fox by ThemeIsle"},"front_page":{"front_page":"home","blog_page":"blog"},"shop_pages":null}