{"theme_mods":{"ti_prev_theme":"twentysixteen","custom_css_post_id":16,"background_color":"ffffff","neve_menu_item_color":"#ffffff","neve_navigation_layout":"left","neve_last_menu_item":"none","neve_menu_item_hover_color":"#ffffff","neve_button_color":"#404248","neve_link_color":"#076442","neve_link_hover_color":"#404248","neve_blog_archive_container_style":"contained","neve_blog_archive_layout":"alternative","neve_default_sidebar_layout":"full-width","neve_sitewide_content_width":80,"neve_body_font_family":"","neve_headings_font_family":"Montserrat","neve_footer_text":"<a href=\"https:\/\/themeisle.com\/themes\/neve\/\" target=\"_blank\" rel=\"nofollow\">Neve Charity<\/a> | Powered by <a href=\"http:\/\/wordpress.org\" rel=\"nofollow\">WordPress<\/a>","neve_footer_widget_columns":2,"neve_text_color":"#404248","neve_generated_style_version":1544175692,"__ti_import_menus_location":{"primary":"main"}},"widgets":{"blog-sidebar":{"search-2":{"title":""},"recent-posts-2":{"title":"","number":5},"recent-comments-2":{"title":"","number":5},"archives-2":{"title":"","count":0,"dropdown":0},"categories-2":{"title":"","count":0,"hierarchical":0,"dropdown":0},"meta-2":{"title":""}},"footer-one-widgets":{"nav_menu-2":{"nav_menu":2}},"footer-two-widgets":{"socials-ignited-2":{"title":"","color":"","background_color":"","size":18,"background_size":30,"border_radius":50,"border_color":"","border_width":0,"opacity":1,"new_win":"","nofollow":"","icons":[{"icon":"fa-facebook","url":"#","title":""},{"icon":"fa-twitter","url":"#","title":""},{"icon":"fa-instagram","url":"#","title":""}]}}},"recommended_plugins":{"elementor":"Elementor Page Builder","socials-ignited":"Socials Ignited","themeisle-companion":"Orbit Fox by ThemeIsle"},"front_page":{"front_page":"home","blog_page":"blog"},"shop_pages":null}