{"theme_mods":{"zelle_frontpage_was_imported":"not-zerif","ti_prev_theme":"twentysixteen","custom_css_post_id":10,"neve_navigation_layout":"left","neve_last_menu_item":"none","neve_text_color":"#404248","neve_menu_item_color":"#404248","neve_headings_font_family":"Source Sans Pro","neve_body_font_family":"Source Sans Pro","neve_body_font_size":"{\"suffix\":{\"mobile\":\"px\",\"tablet\":\"px\",\"desktop\":\"px\"},\"mobile\":14,\"tablet\":14,\"desktop\":16}","neve_h1_font_size":"{\"suffix\":{\"mobile\":\"em\",\"tablet\":\"em\",\"desktop\":\"em\"},\"mobile\":1.5,\"tablet\":1.5,\"desktop\":2}","neve_menu_item_hover_color":"#c59d5f","neve_generated_style_version":1543509644,"__ti_import_menus_location":{"primary":"main"}},"widgets":{"blog-sidebar":{"search-2":{"title":""},"recent-posts-2":{"title":"","number":5},"recent-comments-2":{"title":"","number":5},"archives-2":{"title":"","count":0,"dropdown":0},"categories-2":{"title":"","count":0,"hierarchical":0,"dropdown":0},"meta-2":{"title":""}}},"recommended_plugins":{"elementor":"Elementor Page Builder","themeisle-companion":"Orbit Fox by ThemeIsle"},"front_page":{"front_page":"home","blog_page":null},"shop_pages":null}